ID,Name,Type,Description,Root structure,Parent,Identifier,Full name,UML entity,SortID,Status,Text popis s poznámkou v závorce
Semanticke-prvky,Sémantické konceptuální prvky,Structure,"Soubor základních prvků modelovaných v rámci konceptuálních datových modelů agend a jejich sémantických slovníků, jak je definováno v Metodice evidence údajů v agendách a KDM.",Sémantické konceptuální prvky,,::Semanticke-prvky,Sémantické konceptuální prvky /  / Sémantické konceptuální prvky,PACKAGE,910000,Verified,"
Structure Sémantické konceptuální prvky: Soubor základních prvků modelovaných v rámci konceptuálních datových modelů agend a jejich sémantických slovníků, jak je definováno v Metodice evidence údajů v agendách a KDM. ()"
konceptualni_osoba,Konceptuální prvek Osoba,osoba,"Osoba je subjekt, a to buď právnická osoba, právnický subjekt, nebo fyzická osoba. Je vždy jednoznačně identifikovatelná a veškeré transakce, jež se jí týkají, jsou s ní svázány. Údaje, které jsou o ní vedené, jsou její údaje subjektu údajů. ",Sémantické konceptuální prvky,Konceptuální prvek Osoba,konceptualni_osoba::konceptualni_osoba,Sémantické konceptuální prvky / Konceptuální prvek Osoba / Konceptuální prvek Osoba,CLASS,910100,Verified,"
osoba Konceptuální prvek Osoba: Osoba je subjekt, a to buď právnická osoba, právnický subjekt, nebo fyzická osoba. Je vždy jednoznačně identifikovatelná a veškeré transakce, jež se jí týkají, jsou s ní svázány. Údaje, které jsou o ní vedené, jsou její údaje subjektu údajů.  (Jde o metaprvek z Metodiky KDM)"
Identifikator,Identifikátor osoby,Vlastnost,"Jednoznačný identifikátor osoby, jde buď o referenční identifikátor, nebo vlastní identifikátor svázaný s tím referenčním.",Sémantické konceptuální prvky,Konceptuální prvek Osoba,konceptualni_osoba::Identifikator,Sémantické konceptuální prvky / Konceptuální prvek Osoba / Identifikátor osoby,ATTRIBUTE,910101,Verified,"
Vlastnost Identifikátor osoby: Jednoznačný identifikátor osoby, jde buď o referenční identifikátor, nebo vlastní identifikátor svázaný s tím referenčním. ()"
DalsiIdentifikatory,Další identifikátory osoby,Vlastnost,"Pokud jsou důležité další identifikátory, tak je v rámci oprávnění stanovených pro jednotlivé druhy identifikátorů v NAP evidujeme, vždy musíme ale znát zdroj této identifikace, její závaznost a svázání s konkrétní osobou a relevanci pro jednotlivé účely identifikování a evidence údajů.",Sémantické konceptuální prvky,Konceptuální prvek Osoba,konceptualni_osoba::DalsiIdentifikatory,Sémantické konceptuální prvky / Konceptuální prvek Osoba / Další identifikátory osoby,ATTRIBUTE,910102,Verified,"
Vlastnost Další identifikátory osoby: Pokud jsou důležité další identifikátory, tak je v rámci oprávnění stanovených pro jednotlivé druhy identifikátorů v NAP evidujeme, vždy musíme ale znát zdroj této identifikace, její závaznost a svázání s konkrétní osobou a relevanci pro jednotlivé účely identifikování a evidence údajů. ()"
Nazev,Jméno nebo název osoby,Vlastnost,"Jméno fyzické osoby či název právnického subjektu, musí být shodné s referenční identitou, tedy pokud ji osoba má.",Sémantické konceptuální prvky,Konceptuální prvek Osoba,konceptualni_osoba::Nazev,Sémantické konceptuální prvky / Konceptuální prvek Osoba / Jméno nebo název osoby,ATTRIBUTE,910103,Verified,"
Vlastnost Jméno nebo název osoby: Jméno fyzické osoby či název právnického subjektu, musí být shodné s referenční identitou, tedy pokud ji osoba má. ()"
ZdrojIdentity,Zdroj identity osoby,Vlastnost,"Odkud pochází identita této osoby? V naprosté většíně případů je referenční identita v základním registru (pro fyzické v ROB a pro právnické v ROS), pokud to tak není, tak je to ale cílový stav. Vedeme si tedy informace o tom, odkud jsme identitu nikoliv získali, ale kde ji považujeme za autoritativní.",Sémantické konceptuální prvky,Konceptuální prvek Osoba,konceptualni_osoba::ZdrojIdentity,Sémantické konceptuální prvky / Konceptuální prvek Osoba / Zdroj identity osoby,ATTRIBUTE,910104,Verified,"
Vlastnost Zdroj identity osoby: Odkud pochází identita této osoby? V naprosté většíně případů je referenční identita v základním registru (pro fyzické v ROB a pro právnické v ROS), pokud to tak není, tak je to ale cílový stav. Vedeme si tedy informace o tom, odkud jsme identitu nikoliv získali, ale kde ji považujeme za autoritativní. ()"
PrimarniIS,Primární systém evidence,Vlastnost,"Která evidence (informační systém) je tou pro nás primární evidencí osoby a jejích základních atributů u nás? Je primárně osoba evidována v Evidenci subjektů navázané na základní registry, nebo jen v jednom AIS bez propagace identity dovnitř úřadu?",Sémantické konceptuální prvky,Konceptuální prvek Osoba,konceptualni_osoba::PrimarniIS,Sémantické konceptuální prvky / Konceptuální prvek Osoba / Primární systém evidence,ATTRIBUTE,910105,Verified,"
Vlastnost Primární systém evidence: Která evidence (informační systém) je tou pro nás primární evidencí osoby a jejích základních atributů u nás? Je primárně osoba evidována v Evidenci subjektů navázané na základní registry, nebo jen v jednom AIS bez propagace identity dovnitř úřadu? ()"
Ztotoznena,Je osoba ztotožněna,Vlastnost,"U osoby bychom si měli udržovat informaci o tom, zda jsme dokázali její identitu u nás navázat na referenční identitu vedenou v příslušném základním registru a pokud ne, tak proč a zajistit si nápravu. Proto je vhodné si vést údaj o tom, jestli je osoba ztotožněna a identifikována alespoň v jedné naší agendě, nehledě na to, zda přijímáme notifikace o změnách, nebo nikoliv.",Sémantické konceptuální prvky,Konceptuální prvek Osoba,konceptualni_osoba::Ztotoznena,Sémantické konceptuální prvky / Konceptuální prvek Osoba / Je osoba ztotožněna,ATTRIBUTE,910106,Verified,"
Vlastnost Je osoba ztotožněna: U osoby bychom si měli udržovat informaci o tom, zda jsme dokázali její identitu u nás navázat na referenční identitu vedenou v příslušném základním registru a pokud ne, tak proč a zajistit si nápravu. Proto je vhodné si vést údaj o tom, jestli je osoba ztotožněna a identifikována alespoň v jedné naší agendě, nehledě na to, zda přijímáme notifikace o změnách, nebo nikoliv. ()"
UcelyEvidence,Důvody a účely evidence osoby,Vlastnost,"Nejen pro splnění povinností zákona o zpracování osobních údajů si vedeme informace o tom, z jakých důvodů (může jich být i více) danou osobu ve svém úřadě evidujeme či jsme evidovali.",Sémantické konceptuální prvky,Konceptuální prvek Osoba,konceptualni_osoba::UcelyEvidence,Sémantické konceptuální prvky / Konceptuální prvek Osoba / Důvody a účely evidence osoby,ATTRIBUTE,910107,Verified,"
Vlastnost Důvody a účely evidence osoby: Nejen pro splnění povinností zákona o zpracování osobních údajů si vedeme informace o tom, z jakých důvodů (může jich být i více) danou osobu ve svém úřadě evidujeme či jsme evidovali. ()"
Aktualnost,Aktuálnost údajů o osobě,Vlastnost,"Na obecné úrovni musíme vědět, zda jsou údaje o osobě ve všech našich kontextech potřebně aktuální. Tím myslíme, ne zda jsou přesné aktuální nyní, ale zda nám jejich aktuálnost stačí pro naše úřadování a potřeby.",Sémantické konceptuální prvky,Konceptuální prvek Osoba,konceptualni_osoba::Aktualnost,Sémantické konceptuální prvky / Konceptuální prvek Osoba / Aktuálnost údajů o osobě,ATTRIBUTE,910108,Verified,"
Vlastnost Aktuálnost údajů o osobě: Na obecné úrovni musíme vědět, zda jsou údaje o osobě ve všech našich kontextech potřebně aktuální. Tím myslíme, ne zda jsou přesné aktuální nyní, ale zda nám jejich aktuálnost stačí pro naše úřadování a potřeby. ()"
SystemyEvidence,V jakých systémech evidujeme,Vlastnost,"Musíme vědět, v jakých všech informačních systémech a evidencích danou osobu evidujeme, ve vazbě na jednotlivé důvody. Kromě Primární evidence si tedy uchováváme i přehled o všech dalších systémech, kde evidujeme cokoliv, co se dané osoby týká.",Sémantické konceptuální prvky,Konceptuální prvek Osoba,konceptualni_osoba::SystemyEvidence,Sémantické konceptuální prvky / Konceptuální prvek Osoba / V jakých systémech evidujeme,ATTRIBUTE,910109,Verified,"
Vlastnost V jakých systémech evidujeme: Musíme vědět, v jakých všech informačních systémech a evidencích danou osobu evidujeme, ve vazbě na jednotlivé důvody. Kromě Primární evidence si tedy uchováváme i přehled o všech dalších systémech, kde evidujeme cokoliv, co se dané osoby týká. ()"
konceptualni_vec,Konceptuální prvek Věc,Věc,"Věc je objekt či předmět práva. Může se jednat o hmotnou věc (auto, budova, průkaz), ale i o nehmotnou abstraktní věc (právo řídit, zdravotní postižení, daň či poplatek). Věc je ve většině případů svázána s osobou jako jejím subjektem. Důležité ale u věci, stejně jako osoby, je, že je předmětem evidence a někde je evidována se všemi vlastnostmi a vztahy. I věc musí mít svůj jednoznačný identifikátor.",Sémantické konceptuální prvky,Konceptuální prvek Věc,konceptualni_vec::konceptualni_vec,Sémantické konceptuální prvky / Konceptuální prvek Věc / Konceptuální prvek Věc,CLASS,910200,Verified,"
Věc Konceptuální prvek Věc: Věc je objekt či předmět práva. Může se jednat o hmotnou věc (auto, budova, průkaz), ale i o nehmotnou abstraktní věc (právo řídit, zdravotní postižení, daň či poplatek). Věc je ve většině případů svázána s osobou jako jejím subjektem. Důležité ale u věci, stejně jako osoby, je, že je předmětem evidence a někde je evidována se všemi vlastnostmi a vztahy. I věc musí mít svůj jednoznačný identifikátor. (Jde o metaprvek z Metodiky KDM)"
TypVeci,Typ věci,Vlastnost,Typ věci podle daného sémantického slovníku a konceptuálního modelu.,Sémantické konceptuální prvky,Konceptuální prvek Věc,konceptualni_vec::TypVeci,Sémantické konceptuální prvky / Konceptuální prvek Věc / Typ věci,ATTRIBUTE,910201,Verified,"
Vlastnost Typ věci: Typ věci podle daného sémantického slovníku a konceptuálního modelu. ()"
Pojmenovani,Pojmenování věci,Vlastnost,"Je vhodné si danou věc správně pojmenovat, a to alespoň na logické úrovni. Pojmenování by mělo vycházet ze sémantického slovníku, ovšem mělo by také jednoznačně udávat jednu danou věc. Tedy kupříkladu u budovy je pro rozlišení dvou sídelních budov vhodné Budova Praha a Budova Brno.",Sémantické konceptuální prvky,Konceptuální prvek Věc,konceptualni_vec::Pojmenovani,Sémantické konceptuální prvky / Konceptuální prvek Věc / Pojmenování věci,ATTRIBUTE,910202,Verified,"
Vlastnost Pojmenování věci: Je vhodné si danou věc správně pojmenovat, a to alespoň na logické úrovni. Pojmenování by mělo vycházet ze sémantického slovníku, ovšem mělo by také jednoznačně udávat jednu danou věc. Tedy kupříkladu u budovy je pro rozlišení dvou sídelních budov vhodné Budova Praha a Budova Brno. ()"
Zavislost,Závislost a samostatnost,Vlastnost,"Určuje, zda daná věc existuje samostatně a nezávisle na vazbách na osoby či věci, nebo nikoliv. Kupříkladu budova jako taková není nezávislá a samostatná, neboť existuje proto, že ji někdo vlastní a někdo ji postavil. Mlha je ale věc nezávislá a samostatná a existuje bez vazeb na nějakou konkrétní osobu. Kolek je na vazbách nezávislý a existuje samostatně, oproti tomu dokument s kolkem má svého jednoznačného vlastníka (odesílatele a původce).",Sémantické konceptuální prvky,Konceptuální prvek Věc,konceptualni_vec::Zavislost,Sémantické konceptuální prvky / Konceptuální prvek Věc / Závislost a samostatnost,ATTRIBUTE,910203,Verified,"
Vlastnost Závislost a samostatnost: Určuje, zda daná věc existuje samostatně a nezávisle na vazbách na osoby či věci, nebo nikoliv. Kupříkladu budova jako taková není nezávislá a samostatná, neboť existuje proto, že ji někdo vlastní a někdo ji postavil. Mlha je ale věc nezávislá a samostatná a existuje bez vazeb na nějakou konkrétní osobu. Kolek je na vazbách nezávislý a existuje samostatně, oproti tomu dokument s kolkem má svého jednoznačného vlastníka (odesílatele a původce). ()"
Identifikace,Jednoznačná identifikace věci,Vlastnost,"Také každá závislá věc musí mít svoji jednoznačnou identifikaci a identifikátor a musí být podle této identifikace vedena ve zdrojové evidenci a rozpoznatelná. Identifikátorem občanského průkazu je jeho číslo, identifikátorem budovy je identifikace v ISKN, identifikátorem vozidla je jeho registrační značka, identifikátorem faktury je její číslo.",Sémantické konceptuální prvky,Konceptuální prvek Věc,konceptualni_vec::Identifikace,Sémantické konceptuální prvky / Konceptuální prvek Věc / Jednoznačná identifikace věci,ATTRIBUTE,910204,Verified,"
Vlastnost Jednoznačná identifikace věci: Také každá závislá věc musí mít svoji jednoznačnou identifikaci a identifikátor a musí být podle této identifikace vedena ve zdrojové evidenci a rozpoznatelná. Identifikátorem občanského průkazu je jeho číslo, identifikátorem budovy je identifikace v ISKN, identifikátorem vozidla je jeho registrační značka, identifikátorem faktury je její číslo. ()"
DalsiIdentifikace,Další identifikace věci,Vlastnost,"Kromě primární identifikace může věc být identifikována ještě i dalšími vlastnostmi a identifikátory, které se také mohou evidovat a mohou sloužit jako rozpoznávací znaky pro danou věc, něco jako klientský identifikátor pro věc.",Sémantické konceptuální prvky,Konceptuální prvek Věc,konceptualni_vec::DalsiIdentifikace,Sémantické konceptuální prvky / Konceptuální prvek Věc / Další identifikace věci,ATTRIBUTE,910205,Verified,"
Vlastnost Další identifikace věci: Kromě primární identifikace může věc být identifikována ještě i dalšími vlastnostmi a identifikátory, které se také mohou evidovat a mohou sloužit jako rozpoznávací znaky pro danou věc, něco jako klientský identifikátor pro věc. ()"
PrimarniOsoba,Primární vazba na osobu,Vlastnost,"Jde-li o věc závislou na určité osobě (vlastnictví, původ, odesílatel, držitel), je nezbytné znát takovou vazbu a identifikovat takovou osobu. U budovy je to její vlastník, u datové schránky je to její držitel a třeba u doručeného dokumentu je to jeho odesílatel. Primární osobu či další osoby pak bereme v konceptuálním modelu jako osoby, vazbu věci na tuto osobu pak jako vazbu.",Sémantické konceptuální prvky,Konceptuální prvek Věc,konceptualni_vec::PrimarniOsoba,Sémantické konceptuální prvky / Konceptuální prvek Věc / Primární vazba na osobu,ATTRIBUTE,910206,Verified,"
Vlastnost Primární vazba na osobu: Jde-li o věc závislou na určité osobě (vlastnictví, původ, odesílatel, držitel), je nezbytné znát takovou vazbu a identifikovat takovou osobu. U budovy je to její vlastník, u datové schránky je to její držitel a třeba u doručeného dokumentu je to jeho odesílatel. Primární osobu či další osoby pak bereme v konceptuálním modelu jako osoby, vazbu věci na tuto osobu pak jako vazbu. ()"
DalsiOsoby,Vazby na další osoby,Vlastnost,"Pokud je to pro úřadování důležité, eviduje se i další vazba či vazby na další osoby. U vozidla je další osobou jeho uživatel, nebo převážená osoba. U odesílaného dokumentu jsou to další příjemci apod. Pokud toto chceme evidovat, vedeme osobu jako osobu a modelujeme příslušnou vazbu v KDM jako vazbu.",Sémantické konceptuální prvky,Konceptuální prvek Věc,konceptualni_vec::DalsiOsoby,Sémantické konceptuální prvky / Konceptuální prvek Věc / Vazby na další osoby,ATTRIBUTE,910207,Verified,"
Vlastnost Vazby na další osoby: Pokud je to pro úřadování důležité, eviduje se i další vazba či vazby na další osoby. U vozidla je další osobou jeho uživatel, nebo převážená osoba. U odesílaného dokumentu jsou to další příjemci apod. Pokud toto chceme evidovat, vedeme osobu jako osobu a modelujeme příslušnou vazbu v KDM jako vazbu. ()"
Rozsah,Rozsah věci,Vlastnost,"Některé věci mohou mít definovánu svoji míru či rozsah. Takovým abstraktním příkladem třeba může být věc Pokuta, která má rozsah Výše pokuty. Pokud u věci rozsah potřebujeme evidovat, musíme ho mít popsaný v konceptuálním modelu jako vlastnost znalosti.",Sémantické konceptuální prvky,Konceptuální prvek Věc,konceptualni_vec::Rozsah,Sémantické konceptuální prvky / Konceptuální prvek Věc / Rozsah věci,ATTRIBUTE,910208,Verified,"
Vlastnost Rozsah věci: Některé věci mohou mít definovánu svoji míru či rozsah. Takovým abstraktním příkladem třeba může být věc Pokuta, která má rozsah Výše pokuty. Pokud u věci rozsah potřebujeme evidovat, musíme ho mít popsaný v konceptuálním modelu jako vlastnost znalosti. ()"
konceptualni_role,Konceptuální prvek Role,role,"Role osoby je reprezentací toho, že osoba jako subjekt je v určité roli nebo má určitou roli důležitou pro danou agendu a úřadování. Osoba má pochopitelně více rolí, i role může mít své vlastnosti a identifikaci. Role věcí nelze modelovat, protože věci nevystupují v právních vztazích, a tedy nemají právní role.",Sémantické konceptuální prvky,Konceptuální prvek Role,konceptualni_role::konceptualni_role,Sémantické konceptuální prvky / Konceptuální prvek Role / Konceptuální prvek Role,CLASS,910300,Verified,"
role Konceptuální prvek Role: Role osoby je reprezentací toho, že osoba jako subjekt je v určité roli nebo má určitou roli důležitou pro danou agendu a úřadování. Osoba má pochopitelně více rolí, i role může mít své vlastnosti a identifikaci. Role věcí nelze modelovat, protože věci nevystupují v právních vztazích, a tedy nemají právní role. (Jde o metaprvek z Metodiky KDM)"
Osoba,Jaká osoba je v roli,Vlastnost,"Role je sama defacto prvkem osoby, u každé osoby evidované v roli je pochopitelně nutné vědět, o jakou konkrétní osobu se jedná.",Sémantické konceptuální prvky,Konceptuální prvek Role,konceptualni_role::Osoba,Sémantické konceptuální prvky / Konceptuální prvek Role / Jaká osoba je v roli,ATTRIBUTE,910301,Verified,"
Vlastnost Jaká osoba je v roli: Role je sama defacto prvkem osoby, u každé osoby evidované v roli je pochopitelně nutné vědět, o jakou konkrétní osobu se jedná. ()"
Role,Jaká role,Vlastnost,"Je nutné vědět, o jakou roli se přesně jedná. Přitom vycházíme vždy ze sémantického slovníku a konceptuálního modelu dané agendy (pokud je modelována) nebo naší vnitřní oblastí (pokud jde o roli jen pro naše účely).",Sémantické konceptuální prvky,Konceptuální prvek Role,konceptualni_role::Role,Sémantické konceptuální prvky / Konceptuální prvek Role / Jaká role,ATTRIBUTE,910302,Verified,"
Vlastnost Jaká role: Je nutné vědět, o jakou roli se přesně jedná. Přitom vycházíme vždy ze sémantického slovníku a konceptuálního modelu dané agendy (pokud je modelována) nebo naší vnitřní oblastí (pokud jde o roli jen pro naše účely). ()"
TypRole,Typ role,Vlastnost,"Typ role osoby, jde o klientskou roli stanovenou ze zákona či veřejnoprávním titulem, nebo o naši vnitřní roli jen pro naše účely.",Sémantické konceptuální prvky,Konceptuální prvek Role,konceptualni_role::TypRole,Sémantické konceptuální prvky / Konceptuální prvek Role / Typ role,ATTRIBUTE,910303,Verified,"
Vlastnost Typ role: Typ role osoby, jde o klientskou roli stanovenou ze zákona či veřejnoprávním titulem, nebo o naši vnitřní roli jen pro naše účely. ()"
DefinovaniRole,Zdroj definice role,Vlastnost,"Každá role musí být něčím určena/definována. Uvedeme tedy zdroj definice role, kupříkladu konkrétní ustanovení zákona, které roli definuje.",Sémantické konceptuální prvky,Konceptuální prvek Role,konceptualni_role::DefinovaniRole,Sémantické konceptuální prvky / Konceptuální prvek Role / Zdroj definice role,ATTRIBUTE,910304,Verified,"
Vlastnost Zdroj definice role: Každá role musí být něčím určena/definována. Uvedeme tedy zdroj definice role, kupříkladu konkrétní ustanovení zákona, které roli definuje. ()"
ZdrojEvidence,Zdroj evidence role,Vlastnost,"Je-li osoba v dané roli, musí to být reprezentováno nějakými údaji ve zdrojové evidenci (třeba řidič je evidován v Registru řidičů, odesílatel faktury v našem ekonomickém systému).",Sémantické konceptuální prvky,Konceptuální prvek Role,konceptualni_role::ZdrojEvidence,Sémantické konceptuální prvky / Konceptuální prvek Role / Zdroj evidence role,ATTRIBUTE,910305,Verified,"
Vlastnost Zdroj evidence role: Je-li osoba v dané roli, musí to být reprezentováno nějakými údaji ve zdrojové evidenci (třeba řidič je evidován v Registru řidičů, odesílatel faktury v našem ekonomickém systému). ()"
PuvodceRole,Původce role zodpovědný za evidenci v roli,Vlastnost,"Kromě samotné role a osoby a systému, v němž se eviduje daná role osoby, je nezbytné vědět, kdo do role fakticky uvádí, respektive, kdo je zodpovědným OVM za správné zavedení do role a za evidenci údajů o roli a jejích podrobnostech. Jde o toho primárního (u řidiče je to MD, u daňového subjektu je to MF, u pojištěnce zdravotního pojištění je to daná pojišťovna).",Sémantické konceptuální prvky,Konceptuální prvek Role,konceptualni_role::PuvodceRole,Sémantické konceptuální prvky / Konceptuální prvek Role / Původce role zodpovědný za evidenci v roli,ATTRIBUTE,910306,Verified,"
Vlastnost Původce role zodpovědný za evidenci v roli: Kromě samotné role a osoby a systému, v němž se eviduje daná role osoby, je nezbytné vědět, kdo do role fakticky uvádí, respektive, kdo je zodpovědným OVM za správné zavedení do role a za evidenci údajů o roli a jejích podrobnostech. Jde o toho primárního (u řidiče je to MD, u daňového subjektu je to MF, u pojištěnce zdravotního pojištění je to daná pojišťovna). ()"
SouvisejiciRole,Naše související role,Vlastnost,"Pokud nějaká obecná role souvisí s naší interní rolí, někde si to evidujeme.",Sémantické konceptuální prvky,Konceptuální prvek Role,konceptualni_role::SouvisejiciRole,Sémantické konceptuální prvky / Konceptuální prvek Role / Naše související role,ATTRIBUTE,910307,Verified,"
Vlastnost Naše související role: Pokud nějaká obecná role souvisí s naší interní rolí, někde si to evidujeme. ()"
VznikDatum,Datum vzniku role,Vlastnost,"Ve většině případů je nutné evidovat datum vzniku role dané osoby (od kdy má oprávnění řídit vozidlo). Jde většinou o datum události, na základě níž vzniká usazení do role. Má být reprezentováno údaji v systému zdrojové evidence role.",Sémantické konceptuální prvky,Konceptuální prvek Role,konceptualni_role::VznikDatum,Sémantické konceptuální prvky / Konceptuální prvek Role / Datum vzniku role,ATTRIBUTE,910308,Verified,"
Vlastnost Datum vzniku role: Ve většině případů je nutné evidovat datum vzniku role dané osoby (od kdy má oprávnění řídit vozidlo). Jde většinou o datum události, na základě níž vzniká usazení do role. Má být reprezentováno údaji v systému zdrojové evidence role. ()"
VznikDuvod,Důvod vzniku role,Vlastnost,"Ve většině případů se jedná o událost, proto je důvodem většinou daná událost modelovaná v rámci konceptuálního modelu. (přidělení a evidence řidičského oprávnění) Má být reprezentováno údaji v systému zdrojové evidence role.",Sémantické konceptuální prvky,Konceptuální prvek Role,konceptualni_role::VznikDuvod,Sémantické konceptuální prvky / Konceptuální prvek Role / Důvod vzniku role,ATTRIBUTE,910309,Verified,"
Vlastnost Důvod vzniku role: Ve většině případů se jedná o událost, proto je důvodem většinou daná událost modelovaná v rámci konceptuálního modelu. (přidělení a evidence řidičského oprávnění) Má být reprezentováno údaji v systému zdrojové evidence role. ()"
ZanikDatum,Datum zániku role,Vlastnost,"Ve většině případů je nutné evidovat datum zániku role dané osoby, (od kdy již nemá oprávnění řídit vozidlo). Jde většinou o datum události, na základě níž zaniká osobě role. Má být reprezentováno údaji v systému zdrojové evidence role.",Sémantické konceptuální prvky,Konceptuální prvek Role,konceptualni_role::ZanikDatum,Sémantické konceptuální prvky / Konceptuální prvek Role / Datum zániku role,ATTRIBUTE,910310,Verified,"
Vlastnost Datum zániku role: Ve většině případů je nutné evidovat datum zániku role dané osoby, (od kdy již nemá oprávnění řídit vozidlo). Jde většinou o datum události, na základě níž zaniká osobě role. Má být reprezentováno údaji v systému zdrojové evidence role. ()"
ZanikDuvod,Důvod zániku role,Vlastnost,"Ve většině případů se jedná o událost, proto je důvodem většinou daná událost modelovaná v rámci konceptuálního modelu. (odejmutí řidičského oprávnění) Má být reprezentováno údaji v systému zdrojové evidence role.",Sémantické konceptuální prvky,Konceptuální prvek Role,konceptualni_role::ZanikDuvod,Sémantické konceptuální prvky / Konceptuální prvek Role / Důvod zániku role,ATTRIBUTE,910311,Verified,"
Vlastnost Důvod zániku role: Ve většině případů se jedná o událost, proto je důvodem většinou daná událost modelovaná v rámci konceptuálního modelu. (odejmutí řidičského oprávnění) Má být reprezentováno údaji v systému zdrojové evidence role. ()"
Aktualnost,Aktuálnost údajů o roli,Vlastnost,"Musíme vědět, zda námi vedené údaje o přiřazení osoby do role jsou v danou chvíli pro naše účely aktuální, nebo nikoliv.",Sémantické konceptuální prvky,Konceptuální prvek Role,konceptualni_role::Aktualnost,Sémantické konceptuální prvky / Konceptuální prvek Role / Aktuálnost údajů o roli,ATTRIBUTE,910312,Verified,"
Vlastnost Aktuálnost údajů o roli: Musíme vědět, zda námi vedené údaje o přiřazení osoby do role jsou v danou chvíli pro naše účely aktuální, nebo nikoliv. ()"
konceptualni_faze,Konceptuální prvek Fáze,Fáze,"Fáze osoby či věci ukazuje, že osoba či věc je v danou chvíli v určitém stavu a fázi, tato fáze je navázána vždy na osobu či věc a má vždy identifikovaný svůj počátek a konec a lze ji dohledat činností či událostí. Fáze osoby je také reprezentována nějakými údaji v evidenci (třeba zničené vozidlo, nebo zaměstnanec v pracovní neschopnosti).",Sémantické konceptuální prvky,Konceptuální prvek Fáze,konceptualni_faze::konceptualni_faze,Sémantické konceptuální prvky / Konceptuální prvek Fáze / Konceptuální prvek Fáze,CLASS,910400,Verified,"
Fáze Konceptuální prvek Fáze: Fáze osoby či věci ukazuje, že osoba či věc je v danou chvíli v určitém stavu a fázi, tato fáze je navázána vždy na osobu či věc a má vždy identifikovaný svůj počátek a konec a lze ji dohledat činností či událostí. Fáze osoby je také reprezentována nějakými údaji v evidenci (třeba zničené vozidlo, nebo zaměstnanec v pracovní neschopnosti). (Jde o metaprvek z Metodiky KDM)"
Predmet,Osoba či věc,Vlastnost,"Pochopitelně je důležité vědět, které osoby či věci se daná fáze týká. Použijeme vazbu na konkrétní prvek modelu dle schématu, a to pouze na prvek typu Osoba nebo Věc.",Sémantické konceptuální prvky,Konceptuální prvek Fáze,konceptualni_faze::Predmet,Sémantické konceptuální prvky / Konceptuální prvek Fáze / Osoba či věc,ATTRIBUTE,910401,Verified,"
Vlastnost Osoba či věc: Pochopitelně je důležité vědět, které osoby či věci se daná fáze týká. Použijeme vazbu na konkrétní prvek modelu dle schématu, a to pouze na prvek typu Osoba nebo Věc. ()"
Nazev,Název fáze,Vlastnost,Zásadní v rámci konceptuálního modelu je správné pojmenování dané fáze. Při sestavování názvu dodržujeme podobná pravidla jako pro název osoby či věci.,Sémantické konceptuální prvky,Konceptuální prvek Fáze,konceptualni_faze::Nazev,Sémantické konceptuální prvky / Konceptuální prvek Fáze / Název fáze,ATTRIBUTE,910402,Verified,"
Vlastnost Název fáze: Zásadní v rámci konceptuálního modelu je správné pojmenování dané fáze. Při sestavování názvu dodržujeme podobná pravidla jako pro název osoby či věci. ()"
VznikDatum,Datum vzniku fáze,Vlastnost,"Konkrétní datum, kdy daná osoba či věc vstoupila do této fáze.",Sémantické konceptuální prvky,Konceptuální prvek Fáze,konceptualni_faze::VznikDatum,Sémantické konceptuální prvky / Konceptuální prvek Fáze / Datum vzniku fáze,ATTRIBUTE,910403,Verified,"
Vlastnost Datum vzniku fáze: Konkrétní datum, kdy daná osoba či věc vstoupila do této fáze. ()"
VznikDuvod,Důvod vzniku fáze,Vlastnost,"Zde uvedeme konkrétní důvod, na základě něhož vznikla osobě či věci daná fáze. Důvod by měl být vázán na konkrétní legislativní ustanovení.",Sémantické konceptuální prvky,Konceptuální prvek Fáze,konceptualni_faze::VznikDuvod,Sémantické konceptuální prvky / Konceptuální prvek Fáze / Důvod vzniku fáze,ATTRIBUTE,910404,Verified,"
Vlastnost Důvod vzniku fáze: Zde uvedeme konkrétní důvod, na základě něhož vznikla osobě či věci daná fáze. Důvod by měl být vázán na konkrétní legislativní ustanovení. ()"
ZanikDatum,Datum zániku fáze,Vlastnost,"Konkrétní datum, kdy daná osoba či věc vystoupila z této fáze.",Sémantické konceptuální prvky,Konceptuální prvek Fáze,konceptualni_faze::ZanikDatum,Sémantické konceptuální prvky / Konceptuální prvek Fáze / Datum zániku fáze,ATTRIBUTE,910405,Verified,"
Vlastnost Datum zániku fáze: Konkrétní datum, kdy daná osoba či věc vystoupila z této fáze. ()"
ZanikDuvod,Důvod zániku fáze,Vlastnost,"Zde uvedeme konkrétní důvod, na základě něhož zanikla osobě či věci daná fáze. Důvod by měl být vázán na konkrétní legislativní ustanovení.",Sémantické konceptuální prvky,Konceptuální prvek Fáze,konceptualni_faze::ZanikDuvod,Sémantické konceptuální prvky / Konceptuální prvek Fáze / Důvod zániku fáze,ATTRIBUTE,910406,Verified,"
Vlastnost Důvod zániku fáze: Zde uvedeme konkrétní důvod, na základě něhož zanikla osobě či věci daná fáze. Důvod by měl být vázán na konkrétní legislativní ustanovení. ()"
Zavislost,Závislost a samostatnost fáze,Vlastnost,"Některé fáze mohou vznikat a zanikat samostatně bez závislosti na konkrétních událostech či činnostech. To ale v naprosté většině případů neplatí, a proto je nezbytné vědět a v konceptuálním modelu mít vazbu na činnosti a události, na základě nichž vzniká či zaniká fáze k osobě či věci.",Sémantické konceptuální prvky,Konceptuální prvek Fáze,konceptualni_faze::Zavislost,Sémantické konceptuální prvky / Konceptuální prvek Fáze / Závislost a samostatnost fáze,ATTRIBUTE,910407,Verified,"
Vlastnost Závislost a samostatnost fáze: Některé fáze mohou vznikat a zanikat samostatně bez závislosti na konkrétních událostech či činnostech. To ale v naprosté většině případů neplatí, a proto je nezbytné vědět a v konceptuálním modelu mít vazbu na činnosti a události, na základě nichž vzniká či zaniká fáze k osobě či věci. ()"
ZdrojEvidence,Zdroj evidence fáze,Vlastnost,"To, že je daná osoba či věc v určité fázi, musí být někde evidováno a udržováno včetně souvisejících vazeb. Musíme tedy vědět, který IS je zdrojem údajů o vzniku a zániku dané fáze a případných dalších podrobností.",Sémantické konceptuální prvky,Konceptuální prvek Fáze,konceptualni_faze::ZdrojEvidence,Sémantické konceptuální prvky / Konceptuální prvek Fáze / Zdroj evidence fáze,ATTRIBUTE,910408,Verified,"
Vlastnost Zdroj evidence fáze: To, že je daná osoba či věc v určité fázi, musí být někde evidováno a udržováno včetně souvisejících vazeb. Musíme tedy vědět, který IS je zdrojem údajů o vzniku a zániku dané fáze a případných dalších podrobností. ()"
konceptualni_vazba,Konceptuální prvek Vazba,Vazba,"Jde o definovaný a pojmenovatelný vztah (vazbu) mezi osobami a věcmi (vlastník vlastní vozidlo, úřední osoba vystupuje jménem OVM). I vztah může mít své vlastnosti a musí být možné jej dohledat údaji z evidence, které reprezentují vztah.",Sémantické konceptuální prvky,Konceptuální prvek Vazba,konceptualni_vazba::konceptualni_vazba,Sémantické konceptuální prvky / Konceptuální prvek Vazba / Konceptuální prvek Vazba,CLASS,910500,Verified,"
Vazba Konceptuální prvek Vazba: Jde o definovaný a pojmenovatelný vztah (vazbu) mezi osobami a věcmi (vlastník vlastní vozidlo, úřední osoba vystupuje jménem OVM). I vztah může mít své vlastnosti a musí být možné jej dohledat údaji z evidence, které reprezentují vztah. (Jde o metaprvek z Metodiky KDM)"
konceptualni_cinnost,Konceptuální prvek Činnost,Činnost,"Pojmem činnost v modelování myslíme nějakou interakci, ale také obecně proces. Jde o definovatelnou činnost s nějakým určitelným výsledkem (správní rozhodování, projednávání materiálu, dokazování, výpočet důchodu). Tento konceptuální prvek je asi nejabstraktnější a nejhůře pochopitelný.",Sémantické konceptuální prvky,Konceptuální prvek Činnost,konceptualni_cinnost::konceptualni_cinnost,Sémantické konceptuální prvky / Konceptuální prvek Činnost / Konceptuální prvek Činnost,CLASS,910600,Verified,"
Činnost Konceptuální prvek Činnost: Pojmem činnost v modelování myslíme nějakou interakci, ale také obecně proces. Jde o definovatelnou činnost s nějakým určitelným výsledkem (správní rozhodování, projednávání materiálu, dokazování, výpočet důchodu). Tento konceptuální prvek je asi nejabstraktnější a nejhůře pochopitelný. (Jde o metaprvek z Metodiky KDM)"
Nazev,Pojmenování činnosti,Vlastnost,"Klíčové je pochopitelně správné pojmenování činnosti, které by mělo vycházet buď z legislativního pojmu, nebo z nějakého obecně známého pojmu.",Sémantické konceptuální prvky,Konceptuální prvek Činnost,konceptualni_cinnost::Nazev,Sémantické konceptuální prvky / Konceptuální prvek Činnost / Pojmenování činnosti,ATTRIBUTE,910601,Verified,"
Vlastnost Pojmenování činnosti: Klíčové je pochopitelně správné pojmenování činnosti, které by mělo vycházet buď z legislativního pojmu, nebo z nějakého obecně známého pojmu. ()"
ZdrojDefinice,Zdroj definice činnosti,Vlastnost,"Naprostá většina činností je vlastně definována konkrétní legislativou. Pokud tomu tak je, musíme vědět, podle kterých konkrétních předpisů a jejich ustanovení definujeme danou činnost.",Sémantické konceptuální prvky,Konceptuální prvek Činnost,konceptualni_cinnost::ZdrojDefinice,Sémantické konceptuální prvky / Konceptuální prvek Činnost / Zdroj definice činnosti,ATTRIBUTE,910602,Verified,"
Vlastnost Zdroj definice činnosti: Naprostá většina činností je vlastně definována konkrétní legislativou. Pokud tomu tak je, musíme vědět, podle kterých konkrétních předpisů a jejich ustanovení definujeme danou činnost. ()"
Iniciator,Iniciátor,Vlastnost,"Ten, kdo danou činnost iniciuje a spouští, může jít například o klientskou roli žadatele, nebo kupříkladu v případě činnosti těhotenství o osobu matky. Vždy by se mělo jednat o osobu či roli.",Sémantické konceptuální prvky,Konceptuální prvek Činnost,konceptualni_cinnost::Iniciator,Sémantické konceptuální prvky / Konceptuální prvek Činnost / Iniciátor,ATTRIBUTE,910603,Verified,"
Vlastnost Iniciátor: Ten, kdo danou činnost iniciuje a spouští, může jít například o klientskou roli žadatele, nebo kupříkladu v případě činnosti těhotenství o osobu matky. Vždy by se mělo jednat o osobu či roli. ()"
Realizator,Realizátor,Vlastnost,"Ten, kdo z pohledu úřadování danou činnost vykonává - tedy realizuje. Jde buď o osobu OVM, nebo o klientskou osobu či roli. Ve většině případů se v konceptuálním modelu nezabýváme konkrétní zaměstnaneckou rolí, ale úřadem jako realizátorem. Ve většině případů je realizátor stanoven zákonem, a je tedy vhodné si vést i informace o konkrétních předpisech a jejich ustanoveních, která určují, kdo činnost vykonává.",Sémantické konceptuální prvky,Konceptuální prvek Činnost,konceptualni_cinnost::Realizator,Sémantické konceptuální prvky / Konceptuální prvek Činnost / Realizátor,ATTRIBUTE,910604,Verified,"
Vlastnost Realizátor: Ten, kdo z pohledu úřadování danou činnost vykonává - tedy realizuje. Jde buď o osobu OVM, nebo o klientskou osobu či roli. Ve většině případů se v konceptuálním modelu nezabýváme konkrétní zaměstnaneckou rolí, ale úřadem jako realizátorem. Ve většině případů je realizátor stanoven zákonem, a je tedy vhodné si vést i informace o konkrétních předpisech a jejich ustanoveních, která určují, kdo činnost vykonává. ()"
SubjektyObjekty,Osoby a věci,Vlastnost,Kterých osob (včetně jejich rolí) a věcí se daná činnost týká? Vždy použijeme prvky konceptuálního modelu.,Sémantické konceptuální prvky,Konceptuální prvek Činnost,konceptualni_cinnost::SubjektyObjekty,Sémantické konceptuální prvky / Konceptuální prvek Činnost / Osoby a věci,ATTRIBUTE,910605,Verified,"
Vlastnost Osoby a věci: Kterých osob (včetně jejich rolí) a věcí se daná činnost týká? Vždy použijeme prvky konceptuálního modelu. ()"
ZahajeniDatum,Datum zahájení,Vlastnost,"Konkrétní datum, kdy byla činnost zahájena.",Sémantické konceptuální prvky,Konceptuální prvek Činnost,konceptualni_cinnost::ZahajeniDatum,Sémantické konceptuální prvky / Konceptuální prvek Činnost / Datum zahájení,ATTRIBUTE,910606,Verified,"
Vlastnost Datum zahájení: Konkrétní datum, kdy byla činnost zahájena. ()"
UkonceniDatum,Datum ukončení,Vlastnost,"Konkrétní datum, kdy byla činnost ukončena.",Sémantické konceptuální prvky,Konceptuální prvek Činnost,konceptualni_cinnost::UkonceniDatum,Sémantické konceptuální prvky / Konceptuální prvek Činnost / Datum ukončení,ATTRIBUTE,910607,Verified,"
Vlastnost Datum ukončení: Konkrétní datum, kdy byla činnost ukončena. ()"
Udalosti,Události spojené s činností,Vlastnost,"Činnost je většinou posloupností určitých kroků, z nichž alespoň ty hlavní bychom měli mít zmodelovány jako události. To platí zejména o údálosti, kterou činnost začíná a končí. U činností tedy musíme vědět, jaké události jsou s ní spojeny a případně i závislosti těchto událostí.",Sémantické konceptuální prvky,Konceptuální prvek Činnost,konceptualni_cinnost::Udalosti,Sémantické konceptuální prvky / Konceptuální prvek Činnost / Události spojené s činností,ATTRIBUTE,910608,Verified,"
Vlastnost Události spojené s činností: Činnost je většinou posloupností určitých kroků, z nichž alespoň ty hlavní bychom měli mít zmodelovány jako události. To platí zejména o údálosti, kterou činnost začíná a končí. U činností tedy musíme vědět, jaké události jsou s ní spojeny a případně i závislosti těchto událostí. ()"
Posloupnost,Posloupnost činností,Vlastnost,"V případě, že je to pro popisný konceptuální model vhodné, můžeme modelovat závislosti jednotlivých činností. Jde tedy o činnosti, které předcházejí, nebo následují po určité činnosti, nebo mohou běžet souběžně.",Sémantické konceptuální prvky,Konceptuální prvek Činnost,konceptualni_cinnost::Posloupnost,Sémantické konceptuální prvky / Konceptuální prvek Činnost / Posloupnost činností,ATTRIBUTE,910609,Verified,"
Vlastnost Posloupnost činností: V případě, že je to pro popisný konceptuální model vhodné, můžeme modelovat závislosti jednotlivých činností. Jde tedy o činnosti, které předcházejí, nebo následují po určité činnosti, nebo mohou běžet souběžně. ()"
konceptualni_udalost,Konceptuální prvek Událost,Událost,"Jednoznačně definovatelná pojmenovatelná událost, která se odehraje jednou v konkrétním čase. Modelujeme ty události, které jsou pro nás důležité z pohledu úřadování. Jde o úřední události (vydání rozhodnutí, jmenování do funkce, konec skartační lhůty) i o externí (narození dítěte, spáchání přestupku, nástup do výkonu trestu).",Sémantické konceptuální prvky,Konceptuální prvek Událost,konceptualni_udalost::konceptualni_udalost,Sémantické konceptuální prvky / Konceptuální prvek Událost / Konceptuální prvek Událost,CLASS,910700,Verified,"
Událost Konceptuální prvek Událost: Jednoznačně definovatelná pojmenovatelná událost, která se odehraje jednou v konkrétním čase. Modelujeme ty události, které jsou pro nás důležité z pohledu úřadování. Jde o úřední události (vydání rozhodnutí, jmenování do funkce, konec skartační lhůty) i o externí (narození dítěte, spáchání přestupku, nástup do výkonu trestu). (Jde o metaprvek z Metodiky KDM)"
Nazev,Pojmenování události,Vlastnost,"Klíčové je pochopitelně správné pojmenování události, které by mělo vycházet buď z legislativního pojmu, nebo z nějakého obecně známého pojmu.",Sémantické konceptuální prvky,Konceptuální prvek Událost,konceptualni_udalost::Nazev,Sémantické konceptuální prvky / Konceptuální prvek Událost / Pojmenování události,ATTRIBUTE,910701,Verified,"
Vlastnost Pojmenování události: Klíčové je pochopitelně správné pojmenování události, které by mělo vycházet buď z legislativního pojmu, nebo z nějakého obecně známého pojmu. ()"
ZdrojDefinice,Zdroj definice události,Vlastnost,"Některé události jsou vlastně definovány konkrétní legislativou. Pokud tomu tak je, musíme vědět, podle kterých konkrétních předpisů a jejich ustanovení definujeme danou událost.",Sémantické konceptuální prvky,Konceptuální prvek Událost,konceptualni_udalost::ZdrojDefinice,Sémantické konceptuální prvky / Konceptuální prvek Událost / Zdroj definice události,ATTRIBUTE,910702,Verified,"
Vlastnost Zdroj definice události: Některé události jsou vlastně definovány konkrétní legislativou. Pokud tomu tak je, musíme vědět, podle kterých konkrétních předpisů a jejich ustanovení definujeme danou událost. ()"
Subjekty,Subjekty události,Vlastnost,"Kterých subjektů, osob a rolí se daná událost týká? Kupříkladu u události dopravní nehoda je důležitý nejen ten, kdo nehodu způsobil, ale také všichni její účastníci a také všichni vlastníci a provozovatelé vozidel.",Sémantické konceptuální prvky,Konceptuální prvek Událost,konceptualni_udalost::Subjekty,Sémantické konceptuální prvky / Konceptuální prvek Událost / Subjekty události,ATTRIBUTE,910703,Verified,"
Vlastnost Subjekty události: Kterých subjektů, osob a rolí se daná událost týká? Kupříkladu u události dopravní nehoda je důležitý nejen ten, kdo nehodu způsobil, ale také všichni její účastníci a také všichni vlastníci a provozovatelé vozidel. ()"
Objekty,Objekty události,Vlastnost,"Jakých objektů či věcí se daná událost týká? Kupříkladu u dopravní nehody se týká všech zúčastněných vozidel, ale také všech poškozených věcí.",Sémantické konceptuální prvky,Konceptuální prvek Událost,konceptualni_udalost::Objekty,Sémantické konceptuální prvky / Konceptuální prvek Událost / Objekty události,ATTRIBUTE,910704,Verified,"
Vlastnost Objekty události: Jakých objektů či věcí se daná událost týká? Kupříkladu u dopravní nehody se týká všech zúčastněných vozidel, ale také všech poškozených věcí. ()"
Datum,Datum události,Vlastnost,"Konkrétní datum, kdy se daná událost stala. Pozor, nezaměňovat s datem zápisu příslušné události do příslušné evidence.",Sémantické konceptuální prvky,Konceptuální prvek Událost,konceptualni_udalost::Datum,Sémantické konceptuální prvky / Konceptuální prvek Událost / Datum události,ATTRIBUTE,910705,Verified,"
Vlastnost Datum události: Konkrétní datum, kdy se daná událost stala. Pozor, nezaměňovat s datem zápisu příslušné události do příslušné evidence. ()"
DatumRozhodne,Rozhodné datum události,Vlastnost,"Jde o datum, které je rozhodné pro úřadování k dané události, tedy se může lišit od data samotné události. Kupříkladu u rozhodnutí je oproti datu události rozhodné datum jak vydání samotného rozhodnutí, tak především nabytí právní moci.",Sémantické konceptuální prvky,Konceptuální prvek Událost,konceptualni_udalost::DatumRozhodne,Sémantické konceptuální prvky / Konceptuální prvek Událost / Rozhodné datum události,ATTRIBUTE,910706,Verified,"
Vlastnost Rozhodné datum události: Jde o datum, které je rozhodné pro úřadování k dané události, tedy se může lišit od data samotné události. Kupříkladu u rozhodnutí je oproti datu události rozhodné datum jak vydání samotného rozhodnutí, tak především nabytí právní moci. ()"
konceptualni_vlastnost,Konceptuální vlastnost Vlastnost,Vlastnost,"Vlastnost jiného prvku, třeba osoby, věci nebo vztahu. Je atributem daného prvku a jde o takovou vlastnost, která je pro úřadování důležitá či rozhodná a v evidenci je reprezentována nějakými údaji, tyto údaje jsou ale svázány s prvkem vlastnosti.",Sémantické konceptuální prvky,Konceptuální vlastnost Vlastnost,konceptualni_vlastnost::konceptualni_vlastnost,Sémantické konceptuální prvky / Konceptuální vlastnost Vlastnost / Konceptuální vlastnost Vlastnost,CLASS,910800,Verified,"
Vlastnost Konceptuální vlastnost Vlastnost: Vlastnost jiného prvku, třeba osoby, věci nebo vztahu. Je atributem daného prvku a jde o takovou vlastnost, která je pro úřadování důležitá či rozhodná a v evidenci je reprezentována nějakými údaji, tyto údaje jsou ale svázány s prvkem vlastnosti. (Jde o metaprvek z Metodiky KDM)"
Pojem,Pojem ve slovníku,Object,"Pojem v glosáři, respektive, sémantickém slovníku pojmů agendy a v konceptuálním modelu agendy.",Sémantické konceptuální prvky,Pojem ve slovníku,Pojem::Pojem,Sémantické konceptuální prvky / Pojem ve slovníku / Pojem ve slovníku,CLASS,910900,Verified,"
Object Pojem ve slovníku: Pojem v glosáři, respektive, sémantickém slovníku pojmů agendy a v konceptuálním modelu agendy. ()"
Nazev,Název,Property,"Používaný oficiální název pojmu, tedy samotný pojem.",Sémantické konceptuální prvky,Pojem ve slovníku,Pojem::Nazev,Sémantické konceptuální prvky / Pojem ve slovníku / Název,ATTRIBUTE,910901,Verified,"
Property Název: Používaný oficiální název pojmu, tedy samotný pojem. ()"
AlternativniNazvy,Alternativní názvy,Property,"Jsou-li pro daný pojem využívány další názvy, alternativní názvy, či zkratky, uvedou se jako alternativní názvy oddělené čárkou.",Sémantické konceptuální prvky,Pojem ve slovníku,Pojem::AlternativniNazvy,Sémantické konceptuální prvky / Pojem ve slovníku / Alternativní názvy,ATTRIBUTE,910902,Verified,"
Property Alternativní názvy: Jsou-li pro daný pojem využívány další názvy, alternativní názvy, či zkratky, uvedou se jako alternativní názvy oddělené čárkou. ()"
Oznaceni,Označení,Property,"Má-li pojem nějaké závazné označení, pak se zapíše jako označení. Podle označení lze třídit a vyhledávat stejně jako podle názvu. Označení musí být v daném kontextu jedinečné.",Sémantické konceptuální prvky,Pojem ve slovníku,Pojem::Oznaceni,Sémantické konceptuální prvky / Pojem ve slovníku / Označení,ATTRIBUTE,910903,Verified,"
Property Označení: Má-li pojem nějaké závazné označení, pak se zapíše jako označení. Podle označení lze třídit a vyhledávat stejně jako podle názvu. Označení musí být v daném kontextu jedinečné. ()"
Typ,Typ pojmu,Property,"Jaký typ konceptuálního prvku je pojem? (osoba, věc, činnost, událost, vazba, role, vlastnost). Jde vždy o jeden ze základních prvků.",Sémantické konceptuální prvky,Pojem ve slovníku,Pojem::Typ,Sémantické konceptuální prvky / Pojem ve slovníku / Typ pojmu,ATTRIBUTE,910904,Verified,"
Property Typ pojmu: Jaký typ konceptuálního prvku je pojem? (osoba, věc, činnost, událost, vazba, role, vlastnost). Jde vždy o jeden ze základních prvků. ()"
Definice,Definice,Property,"Slovní popisná definice, většinou opsaná definice z právního předpisu.",Sémantické konceptuální prvky,Pojem ve slovníku,Pojem::Definice,Sémantické konceptuální prvky / Pojem ve slovníku / Definice,ATTRIBUTE,910905,Verified,"
Property Definice: Slovní popisná definice, většinou opsaná definice z právního předpisu. ()"
ZdrojDefinice,Zdroj definice pojmu,Property,"Konkrétní ustanovení předpisu, ve kterém je pojem zadefinován či odkud lze brát jeho definici a vymezení.",Sémantické konceptuální prvky,Pojem ve slovníku,Pojem::ZdrojDefinice,Sémantické konceptuální prvky / Pojem ve slovníku / Zdroj definice pojmu,,910906,Verified,"
Property Zdroj definice pojmu: Konkrétní ustanovení předpisu, ve kterém je pojem zadefinován či odkud lze brát jeho definici a vymezení. ()"
Spravce,Správce definice,Property,"Ten, kdo zadal pojem do daného slovníku a zodpovídá za něj a udržuje jeho záznam aktuální.",Sémantické konceptuální prvky,Pojem ve slovníku,Pojem::Spravce,Sémantické konceptuální prvky / Pojem ve slovníku / Správce definice,,910907,Verified,"
Property Správce definice: Ten, kdo zadal pojem do daného slovníku a zodpovídá za něj a udržuje jeho záznam aktuální. ()"
Zdroj,Zdroj pojmu,Property,"Kde je pojem závazně uveden? Myslíme tím, v jakém sémantickém slovníku či modelu je pojem jako autoritativní? Kupříkladu pochází-li pojem z referenčního slovníku, ze slovníku agendy v RPP apod.",Sémantické konceptuální prvky,Pojem ve slovníku,Pojem::Zdroj,Sémantické konceptuální prvky / Pojem ve slovníku / Zdroj pojmu,,910908,Verified,"
Property Zdroj pojmu: Kde je pojem závazně uveden? Myslíme tím, v jakém sémantickém slovníku či modelu je pojem jako autoritativní? Kupříkladu pochází-li pojem z referenčního slovníku, ze slovníku agendy v RPP apod. ()"